,J48_a,J48_b,RandomForest_a,RandomForest_b,NBT_a,NBT_b,FT_a,FT_b,LMT_a,LMT_b
dom_20_a,12.0,0.0,12.0,0.0,12.0,0.0,12.0,0.0,12.0,0.0
dom_20_b,0.0,13.0,0.0,13.0,0.0,13.0,0.0,13.0,0.0,13.0
dom_40_a,12.0,0.0,12.0,0.0,12.0,0.0,12.0,0.0,12.0,0.0
dom_40_b,0.0,13.0,0.0,13.0,0.0,13.0,0.0,13.0,0.0,13.0
dom_60_a,12.0,0.0,12.0,0.0,12.0,0.0,12.0,0.0,12.0,0.0
dom_60_b,0.0,13.0,0.0,13.0,0.0,13.0,0.0,13.0,0.0,13.0
dom_80_a,12.0,0.0,12.0,0.0,12.0,0.0,12.0,0.0,12.0,0.0
dom_80_b,0.0,13.0,0.0,13.0,0.0,13.0,0.0,13.0,0.0,13.0
dom_100_a,12.0,0.0,12.0,0.0,12.0,0.0,12.0,0.0,12.0,0.0
dom_100_b,0.0,13.0,0.0,13.0,0.0,13.0,0.0,13.0,0.0,13.0
